{"cameraMode":{"drawMode":0,"name":"Shaded","section":"Shading Mode"},"sceneLighting":true,"audioPlay":false,"sceneViewState":{"showFog":true,"showMaterialUpdate":true,"showSkybox":true,"showFlares":true,"showImageEffects":true,"showParticleSystems":true},"in2DMode":false,"pivot":{"x":-1.363389253616333,"y":1.6534430980682374,"z":0.7250645756721497},"rotation":{"x":-0.2549271881580353,"y":0.15668624639511109,"z":-0.0419112965464592,"w":-0.9532762765884399},"size":1.726041555404663,"orthographic":false}